<?xml version="1.0" encoding="UTF-8" standalone="no"?>
<!-- Begin document body -->
<fimo version="4.11.2" release="Mon Oct 24 12:27:06 2016 -0700">
  xmlns:xsi="http://www.w3.org/2001/XMLSchema-instance"
  xsi:schemaLocation=  xmlns:fimo="http://noble.gs.washington.edu/schema/fimo"
>
<command-line>fimo --thresh 1.0E-8 --oc FIMOresults UsedMotifs/250528_Mucormotif41bp_all.meme /g/dey/Jana_Helsen/PCAn_mucor/GCA_037974945.1_ASM3797494v1_genomic.fna</command-line>
<settings>
<setting name="output directory">FIMOresults</setting>
<setting name="MEME file name">UsedMotifs/250528_Mucormotif41bp_all.meme</setting>
<setting name="sequence file name">/g/dey/Jana_Helsen/PCAn_mucor/GCA_037974945.1_ASM3797494v1_genomic.fna</setting>
<setting name="allow clobber">true</setting>
<setting name="compute q-values">true</setting>
<setting name="parse genomic coord.">false</setting>
<setting name="text only">false</setting>
<setting name="scan both strands">true</setting>
<setting name="output threshold">1e-08</setting>
<setting name="threshold type">p-value</setting>
<setting name="max stored scores">100000</setting>
<setting name="pseudocount">0.1</setting>
<setting name="verbosity">2</setting>
</settings>
<sequence-data num-sequences="32" num-residues="40883749" />
<alphabet name="DNA" like="dna">
<letter id="A" symbol="A" complement="T" name="Adenine" colour="CC0000"/>
<letter id="C" symbol="C" complement="G" name="Cytosine" colour="0000CC"/>
<letter id="G" symbol="G" complement="C" name="Guanine" colour="FFB300"/>
<letter id="T" symbol="T" aliases="U" complement="A" name="Thymine" colour="008000"/>
<letter id="N" symbol="N" aliases="X." equals="ACGT" name="Any base"/>
<letter id="V" symbol="V" equals="ACG" name="Not T"/>
<letter id="H" symbol="H" equals="ACT" name="Not G"/>
<letter id="D" symbol="D" equals="AGT" name="Not C"/>
<letter id="B" symbol="B" equals="CGT" name="Not A"/>
<letter id="M" symbol="M" equals="AC" name="Amino"/>
<letter id="R" symbol="R" equals="AG" name="Purine"/>
<letter id="W" symbol="W" equals="AT" name="Weak"/>
<letter id="S" symbol="S" equals="CG" name="Strong"/>
<letter id="Y" symbol="Y" equals="CT" name="Pyrimidine"/>
<letter id="K" symbol="K" equals="GT" name="Keto"/>
</alphabet>
<motif name="CDEIII" width="41" best-possible-match="AAAAAAAATATTCGTTAAACAAAACCTATGCCAGTTTGTTT"/>
<background source="non-redundant database">
<value letter="A">0.275</value>
<value letter="C">0.225</value>
<value letter="G">0.225</value>
<value letter="T">0.275</value>
</background>
<cisml-file>cisml.xml</cisml-file>
</fimo>
